{"stats":{"minecraft:broken":{"minecraft:stone_shovel":1},"minecraft:picked_up":{"minecraft:crafting_table":6,"minecraft:coarse_dirt":33,"minecraft:chicken":1,"minecraft:clay_ball":44,"minecraft:brown_mushroom":11,"minecraft:wooden_pickaxe":3,"minecraft:brown_bed":2,"minecraft:string":15,"minecraft:raw_copper":437,"create:limestone":54,"minecraft:cobbled_deepslate":1041,"minecraft:spruce_planks":108,"minecraft:beef":25,"minecraft:calcite":32,"minecraft:chest":20,"minecraft:birch_sapling":1,"minecraft:phantom_membrane":1,"minecraft:egg":1,"minecraft:furnace":19,"minecraft:stick":18,"minecraft:raw_iron":132,"marbledsarsenal:police_baton":7,"minecraft:copper_ingot":64,"minecraft:torch":92,"psg:sulphur":99,"minecraft:porkchop":7,"pointblank:gunmetal_nugget":59,"pointblank:m1911a1":6,"pointblank:ammo45acp":75,"minecraft:rotten_flesh":30,"minecraft:stone_shovel":1,"k_turrets:raw_titanium":20,"minecraft:mutton":12,"minecraft:cobblestone":3398,"minecraft:snowball":1069,"minecraft:white_wool":2,"minecraft:birch_log":8,"minecraft:feather":1,"projectvibrantjourneys:fallen_leaves":18,"minecraft:brown_wool":3,"minecraft:leather":12,"minecraft:flint":9,"minecraft:tuff":1701,"minecraft:gunpowder":8,"marbledsarsenal:cm6m_gas_mask":7,"minecraft:dirt":4,"minecraft:leather_boots":7,"minecraft:cooked_mutton":33,"minecraft:bone":1,"minecraft:wheat_seeds":4,"minecraft:stone_pickaxe":2,"minecraft:iron_ingot":15,"psg:raw_potassium":123,"minecraft:spruce_sapling":38,"minecraft:white_bed":1,"minecraft:spruce_log":63,"alexsmobs:animal_dictionary":4,"minecraft:spruce_door":2,"minecraft:spider_eye":4,"usefulbackpacks:backpack_large":1,"minecraft:mossy_cobblestone":17,"create:crimsite":65,"minecraft:stone_axe":3,"minecraft:gray_wool":1,"minecraft:bread":13,"alexsmobs:maggot":4,"minecraft:black_wool":2,"minecraft:coal":3052,"minecraft:diamond_pickaxe":9,"minecraft:ender_pearl":1},"minecraft:dropped":{"minecraft:bread":5,"minecraft:wheat_seeds":3,"marbledsarsenal:police_baton":2,"minecraft:cobblestone":93,"minecraft:coal":896,"minecraft:stick":1,"minecraft:mutton":4,"minecraft:wooden_axe":1,"minecraft:snowball":32,"minecraft:white_wool":1,"pointblank:m1911a1":1,"pointblank:ammo45acp":28,"marbledsarsenal:cm6m_gas_mask":1,"alexsmobs:animal_dictionary":2,"minecraft:raw_copper":116,"minecraft:raw_iron":15,"minecraft:diamond_pickaxe":4,"minecraft:leather_boots":1,"minecraft:spruce_log":4,"minecraft:black_wool":1},"minecraft:custom":{"minecraft:mob_kills":36,"minecraft:interact_with_crafting_table":25,"minecraft:damage_dealt_resisted":182,"minecraft:leave_game":2,"minecraft:time_since_death":46658,"minecraft:climb_one_cm":1211,"minecraft:sprint_one_cm":372885,"minecraft:walk_one_cm":311240,"minecraft:drop":44,"minecraft:play_time":140773,"minecraft:deaths":8,"minecraft:sneak_time":19434,"minecraft:walk_under_water_one_cm":2107,"minecraft:jump":2464,"minecraft:walk_on_water_one_cm":2562,"minecraft:total_world_time":140773,"minecraft:interact_with_furnace":19,"minecraft:sleep_in_bed":5,"minecraft:time_since_rest":17388,"minecraft:damage_taken":3915,"minecraft:damage_dealt":3690,"minecraft:swim_one_cm":925,"minecraft:fly_one_cm":412170,"minecraft:player_kills":2,"minecraft:open_chest":157,"minecraft:crouch_one_cm":71002,"minecraft:fall_one_cm":67292},"minecraft:mined":{"minecraft:tuff":735,"minecraft:spruce_planks":1,"minecraft:white_bed":1,"minecraft:mossy_cobblestone":19,"projectvibrantjourneys:rocks":5,"psg:sulphur_ore":9,"minecraft:spruce_leaves":16,"minecraft:large_fern":3,"minecraft:furnace":19,"minecraft:iron_ore":13,"minecraft:cobbled_deepslate":508,"minecraft:snow":36,"minecraft:brown_bed":2,"minecraft:deepslate_iron_ore":9,"projectvibrantjourneys:ice_chunks":1,"minecraft:stone":631,"create:limestone":54,"minecraft:brown_mushroom":13,"minecraft:snow_block":94,"psg:potassium_ore":12,"minecraft:clay":11,"minecraft:crafting_table":7,"minecraft:torch":4,"projectvibrantjourneys:twigs":9,"minecraft:calcite":23,"minecraft:chest":11,"projectvibrantjourneys:mossy_rocks":1,"projectvibrantjourneys:natural_cobweb":8,"minecraft:copper_ore":23,"minecraft:cobblestone":1454,"minecraft:deepslate_coal_ore":9,"projectvibrantjourneys:fallen_leaves":1,"minecraft:wall_torch":6,"minecraft:coarse_dirt":12,"minecraft:birch_log":8,"minecraft:spruce_log":57,"minecraft:birch_leaves":1,"k_turrets:titanium_ore":5,"minecraft:grass":1,"minecraft:coal_ore":18,"projectvibrantjourneys:short_grass":8,"minecraft:gravel":9,"minecraft:dirt":2,"minecraft:smooth_basalt":1,"create:crimsite":69,"minecraft:deepslate":4,"minecraft:fern":1},"minecraft:killed_by":{"minecraft:player":1,"minecraft:zombie":3},"minecraft:used":{"minecraft:stone_shovel":131,"minecraft:chest":28,"minecraft:iron_sword":68,"minecraft:torch":53,"minecraft:tuff":30,"minecraft:snowball":49,"marbledsarsenal:police_baton":22,"minecraft:furnace":35,"minecraft:egg":1,"minecraft:cobbled_deepslate":189,"minecraft:brown_bed":3,"minecraft:calcite":9,"minecraft:cooked_mutton":24,"farmersdelight:iron_knife":2,"minecraft:water_bucket":9,"minecraft:spruce_door":8,"minecraft:stone_pickaxe":7,"minecraft:wooden_pickaxe":36,"minecraft:crafting_table":10,"minecraft:white_bed":1,"minecraft:spruce_log":3,"minecraft:diamond_pickaxe":3664,"minecraft:bread":11,"minecraft:stone_axe":109,"minecraft:cobblestone":415,"minecraft:bucket":10,"minecraft:birch_log":1,"minecraft:coarse_dirt":3},"minecraft:killed":{"hordes:zombie_player":8,"minecraft:chicken":1,"minecraft:pig":3,"minecraft:zombie":11,"alexsmobs:fly":2,"alexsmobs:crow":1,"minecraft:cow":9},"minecraft:crafted":{"minecraft:stone_shovel":1,"minecraft:furnace":19,"minecraft:iron_boots":1,"minecraft:stone_pickaxe":1,"minecraft:chest":17,"minecraft:crafting_table":4,"minecraft:spruce_planks":191,"farmersdelight:iron_knife":1,"minecraft:wooden_pickaxe":1,"minecraft:iron_sword":1,"minecraft:spruce_door":9,"minecraft:brown_bed":1,"minecraft:bucket":1,"minecraft:birch_planks":28,"minecraft:stone_axe":3,"minecraft:iron_chestplate":1,"minecraft:shield":1,"minecraft:stick":16,"minecraft:wooden_axe":1,"minecraft:iron_leggings":1,"minecraft:torch":8}},"DataVersion":3465}