{"stats":{"minecraft:broken":{"minecraft:stone_shovel":1},"minecraft:picked_up":{"minecraft:iron_chestplate":1,"minecraft:wheat":4,"minecraft:brown_bed":2,"minecraft:stone_brick_stairs":1,"minecraft:amethyst_block":2,"minecraft:polished_deepslate":4,"minecraft:string":98,"create:limestone":54,"minecraft:raw_copper":442,"minecraft:iron_leggings":1,"minecraft:deepslate_tiles":1,"minecraft:cobbled_deepslate":1552,"comforts:sleeping_bag_white":6,"minecraft:spruce_planks":108,"minecraft:calcite":33,"alexsmobs:raccoon_tail":1,"minecraft:furnace":19,"minecraft:iron_boots":1,"minecraft:stick":18,"marbledsarsenal:police_baton":7,"minecraft:torch":94,"minecraft:porkchop":7,"psg:sulphur":113,"minecraft:cauldron":1,"pointblank:ammo45acp":75,"pointblank:m1911a1":7,"minecraft:rotten_flesh":147,"projectvibrantjourneys:cattail":3,"minecraft:snowball":1069,"minecraft:cobblestone":3492,"minecraft:birch_log":8,"minecraft:pink_petals":1,"minecraft:feather":2,"projectvibrantjourneys:fallen_leaves":18,"minecraft:brown_wool":3,"minecraft:potato":1,"projectvibrantjourneys:birch_hollow_log":2,"minecraft:flint":12,"minecraft:tuff":1772,"minecraft:lapis_lazuli":92,"minecraft:dirt":26,"minecraft:leather_boots":7,"philipsruins:chiseled_bone_bricks":1,"minecraft:bone":15,"minecraft:wheat_seeds":24,"minecraft:cobbled_deepslate_slab":3,"minecraft:diamond_helmet":1,"minecraft:bamboo":23,"tacz:gun_smith_table":3,"minecraft:moss_block":3,"psg:raw_potassium":123,"minecraft:sand":67,"minecraft:diamond_block":1,"alexsmobs:animal_dictionary":4,"minecraft:mossy_cobblestone":17,"create:crimsite":65,"minecraft:diamond":31,"minecraft:bread":13,"alexsmobs:maggot":5,"alexsmobs:banana_slug_slime":1,"minecraft:diamond_pickaxe":9,"philipsruins:bone_chunk_block":7,"minecraft:coarse_dirt":34,"minecraft:crafting_table":6,"minecraft:chicken":1,"minecraft:clay_ball":60,"minecraft:brown_mushroom":12,"minecraft:wooden_pickaxe":3,"minecraft:gold_block":1,"minecraft:shield":1,"minecraft:moss_carpet":1,"tacz:ammo":1158,"minecraft:beef":29,"minecraft:sugar_cane":2,"minecraft:chest":20,"minecraft:birch_sapling":1,"minecraft:phantom_membrane":1,"minecraft:egg":1,"minecraft:raw_iron":143,"philipsruins:cracked_bone":8,"minecraft:copper_ingot":65,"pointblank:gunmetal_nugget":149,"minecraft:redstone":9,"philipsruins:bone_bricks_stairs":3,"minecraft:stone_shovel":1,"minecraft:peony":1,"k_turrets:raw_titanium":74,"minecraft:mutton":19,"philipsruins:bone_bricks_slab":1,"minecraft:glow_berries":2,"minecraft:skeleton_skull":1,"minecraft:white_wool":6,"minecraft:cracked_deepslate_tiles":1,"minecraft:leather":13,"minecraft:red_mushroom":1,"minecraft:oak_log":1,"minecraft:cobbled_deepslate_stairs":2,"minecraft:gunpowder":61,"marbledsarsenal:cm6m_gas_mask":8,"minecraft:cooked_mutton":53,"minecraft:stone_bricks":4,"alexsmobs:cockroach_wing_fragment":3,"minecraft:spore_blossom":1,"minecraft:iron_ingot":15,"minecraft:stone_pickaxe":2,"philipsruins:broken_bone":20,"projectvibrantjourneys:light_brown_bark_mushroom":1,"minecraft:pumpkin":2,"minecraft:stone_brick_slab":3,"minecraft:gravel":18,"minecraft:amethyst_shard":80,"minecraft:spruce_sapling":38,"minecraft:white_bed":1,"minecraft:spruce_log":63,"minecraft:spider_eye":10,"minecraft:spruce_door":2,"usefulbackpacks:backpack_large":1,"minecraft:slime_ball":6,"minecraft:stone_axe":3,"tacz:modern_kinetic_gun":2,"minecraft:gray_wool":1,"projectvibrantjourneys:orange_bark_mushroom":1,"minecraft:black_wool":2,"minecraft:coal":3086,"minecraft:ender_pearl":3},"minecraft:dropped":{"minecraft:dirt":8,"minecraft:mutton":4,"minecraft:snowball":32,"minecraft:white_wool":1,"pointblank:m1911a1":2,"minecraft:bone":3,"alexsmobs:animal_dictionary":2,"minecraft:cobbled_deepslate":64,"minecraft:leather_boots":1,"minecraft:bread":5,"minecraft:wheat_seeds":3,"marbledsarsenal:police_baton":2,"minecraft:cobblestone":93,"minecraft:coal":896,"minecraft:stick":1,"minecraft:wooden_axe":1,"minecraft:diamond_helmet":1,"tacz:modern_kinetic_gun":1,"pointblank:ammo45acp":28,"marbledsarsenal:cm6m_gas_mask":1,"minecraft:raw_copper":116,"minecraft:raw_iron":15,"minecraft:diamond_pickaxe":4,"minecraft:iron_chestplate":1,"minecraft:spider_eye":1,"tacz:ammo":570,"minecraft:spruce_log":4,"minecraft:black_wool":1},"minecraft:custom":{"minecraft:interact_with_crafting_table":37,"minecraft:leave_game":2,"minecraft:time_since_death":13632,"minecraft:damage_resisted":161,"minecraft:sprint_one_cm":726823,"minecraft:damage_blocked_by_shield":50,"minecraft:drop":66,"minecraft:play_time":266773,"minecraft:deaths":10,"minecraft:jump":5261,"minecraft:walk_on_water_one_cm":20502,"minecraft:interact_with_furnace":48,"minecraft:sleep_in_bed":11,"minecraft:damage_dealt":15614,"minecraft:player_kills":3,"minecraft:crouch_one_cm":76729,"minecraft:mob_kills":160,"minecraft:damage_dealt_resisted":469,"minecraft:climb_one_cm":8670,"minecraft:walk_one_cm":639162,"minecraft:sneak_time":25119,"minecraft:walk_under_water_one_cm":20384,"minecraft:total_world_time":266773,"minecraft:time_since_rest":13659,"minecraft:damage_taken":5452,"minecraft:damage_absorbed":325,"minecraft:swim_one_cm":43819,"minecraft:fly_one_cm":911253,"minecraft:open_chest":372,"minecraft:fall_one_cm":126823},"minecraft:mined":{"minecraft:spruce_planks":1,"minecraft:white_bed":1,"minecraft:cobbled_deepslate_stairs":3,"minecraft:cave_vines_plant":1,"philipsruins:cracked_bone":8,"minecraft:grass_block":16,"minecraft:deepslate_bricks":1,"tacz:gun_smith_table":3,"minecraft:spawner":1,"minecraft:tall_seagrass":2,"minecraft:iron_ore":13,"minecraft:cobbled_deepslate":572,"minecraft:pumpkin":2,"minecraft:deepslate_lapis_ore":3,"minecraft:brown_bed":2,"minecraft:cave_vines":5,"create:limestone":54,"projectvibrantjourneys:cattail":5,"minecraft:deepslate_redstone_ore":2,"minecraft:brown_mushroom":14,"minecraft:amethyst_cluster":3,"minecraft:clay":15,"minecraft:torch":4,"projectvibrantjourneys:twigs":9,"minecraft:calcite":24,"minecraft:chest":11,"projectvibrantjourneys:natural_cobweb":10,"minecraft:cobblestone":1549,"projectvibrantjourneys:fallen_leaves":1,"minecraft:sugar_cane":1,"minecraft:wall_torch":6,"minecraft:amethyst_block":2,"minecraft:cauldron":1,"minecraft:deepslate_copper_ore":1,"minecraft:pink_petals":2,"minecraft:skeleton_skull":1,"minecraft:birch_log":8,"minecraft:wheat":8,"projectvibrantjourneys:bones":1,"minecraft:stone_brick_stairs":1,"minecraft:grass":48,"minecraft:cracked_deepslate_tiles":1,"minecraft:oak_log":1,"projectvibrantjourneys:short_grass":23,"projectvibrantjourneys:pinecones":1,"minecraft:sand":67,"minecraft:dirt":8,"minecraft:smooth_basalt":1,"create:crimsite":69,"minecraft:oak_leaves":3,"minecraft:deepslate":441,"philipsruins:bone_bricks_slab":1,"minecraft:deepslate_tiles":5,"minecraft:tuff":825,"minecraft:mossy_cobblestone":19,"minecraft:deepslate_diamond_ore":3,"projectvibrantjourneys:rocks":6,"philipsruins:fractured_bone_bricks":4,"psg:sulphur_ore":9,"philipsruins:bone_chunk_block":6,"minecraft:cobbled_deepslate_slab":3,"minecraft:spruce_leaves":17,"minecraft:moss_block":5,"minecraft:large_fern":6,"farmersdelight:wild_onions":3,"minecraft:spore_blossom":1,"minecraft:furnace":19,"minecraft:snow":36,"minecraft:diamond_block":1,"minecraft:peony":1,"minecraft:gold_block":1,"minecraft:polished_deepslate":4,"minecraft:potatoes":2,"philipsruins:bone_bricks_stairs":3,"minecraft:deepslate_iron_ore":10,"minecraft:vine":2,"projectvibrantjourneys:ice_chunks":1,"minecraft:bamboo":3,"minecraft:stone":646,"minecraft:white_wool":2,"minecraft:infested_stone_bricks":19,"minecraft:snow_block":94,"psg:potassium_ore":12,"minecraft:stone_brick_slab":3,"psg:deepslate_sulphur_ore":2,"minecraft:crafting_table":7,"projectvibrantjourneys:mossy_rocks":1,"minecraft:copper_ore":23,"minecraft:tall_grass":33,"minecraft:deepslate_coal_ore":9,"minecraft:cracked_deepslate_bricks":4,"minecraft:big_dripleaf":1,"minecraft:coarse_dirt":13,"philipsruins:chiseled_bone_bricks":1,"minecraft:spruce_log":57,"minecraft:birch_leaves":3,"k_turrets:titanium_ore":16,"projectvibrantjourneys:birch_hollow_log":2,"minecraft:coal_ore":28,"minecraft:gravel":44,"minecraft:cobweb":68,"minecraft:stone_bricks":5,"minecraft:small_dripleaf":1,"minecraft:mossy_stone_bricks":3,"minecraft:fern":2},"minecraft:killed_by":{"minecraft:zombie":4,"minecraft:player":2},"minecraft:used":{"minecraft:chest":30,"minecraft:shield":2,"minecraft:iron_sword":175,"minecraft:rotten_flesh":25,"minecraft:mutton":5,"minecraft:tuff":31,"minecraft:snowball":49,"marbledsarsenal:police_baton":22,"minecraft:furnace":35,"minecraft:egg":1,"minecraft:potato":2,"minecraft:spruce_door":8,"minecraft:stone_pickaxe":7,"minecraft:ender_pearl":3,"minecraft:wooden_pickaxe":36,"minecraft:bread":15,"minecraft:diamond_sword":412,"minecraft:birch_log":1,"minecraft:coarse_dirt":4,"minecraft:stone_shovel":131,"tacz:gun_smith_table":4,"minecraft:torch":115,"minecraft:dirt":11,"minecraft:beef":4,"comforts:sleeping_bag_white":6,"minecraft:pumpkin":2,"minecraft:cobbled_deepslate":193,"minecraft:enchanted_golden_apple":2,"minecraft:brown_bed":3,"minecraft:calcite":9,"minecraft:cooked_mutton":46,"farmersdelight:iron_knife":2,"minecraft:water_bucket":15,"minecraft:amethyst_block":2,"minecraft:crafting_table":12,"minecraft:white_bed":1,"minecraft:spruce_log":3,"zombie_more:frozen_flesh":1,"minecraft:diamond_pickaxe":4503,"minecraft:apple":1,"minecraft:diamond_shovel":115,"minecraft:stone_axe":109,"minecraft:cobblestone":539,"minecraft:bucket":16},"minecraft:killed":{"minecraft:zombie_horse":1,"alexsmobs:banana_slug":1,"minecraft:chicken":1,"minecraft:pig":3,"alexsmobs:seal":2,"minecraft:sheep":4,"minecraft:zombie":109,"alexsmobs:fly":3,"minecraft:cow":12,"hordes:zombie_player":9,"alexsmobs:raccoon":1,"minecraft:drowned":5,"alexsmobs:cockroach":2,"ecologics:squirrel":3,"alexsmobs:crow":3},"minecraft:crafted":{"minecraft:oak_planks":56,"minecraft:cooked_chicken":3,"zombie_more:flesh":10,"minecraft:diamond_helmet":1,"minecraft:iron_boots":1,"minecraft:chest":19,"zombie_more:frozen_flesh":22,"minecraft:cooked_porkchop":5,"minecraft:crafting_table":6,"minecraft:spruce_planks":191,"farmersdelight:iron_knife":1,"minecraft:wooden_pickaxe":1,"minecraft:spruce_door":9,"minecraft:brown_bed":1,"minecraft:birch_planks":32,"minecraft:iron_chestplate":1,"minecraft:shield":1,"minecraft:stick":64,"minecraft:iron_ingot":135,"minecraft:iron_block":1,"minecraft:stone_shovel":1,"comforts:sleeping_bag_white":1,"minecraft:furnace":19,"minecraft:ladder":9,"minecraft:stone_pickaxe":1,"minecraft:diamond_boots":1,"minecraft:iron_sword":1,"tacz:gun_smith_table":1,"minecraft:bucket":1,"minecraft:stone_axe":3,"minecraft:bread":1,"minecraft:air":0,"minecraft:wooden_axe":1,"minecraft:iron_leggings":1,"minecraft:torch":104,"minecraft:diamond_chestplate":1}},"DataVersion":3465}