{"stats":{"minecraft:broken":{"minecraft:stone_shovel":1},"minecraft:picked_up":{"philipsruins:bone_chunk_block":7,"minecraft:iron_chestplate":1,"minecraft:crafting_table":6,"minecraft:coarse_dirt":33,"minecraft:wheat":4,"minecraft:chicken":1,"minecraft:clay_ball":60,"minecraft:brown_mushroom":12,"minecraft:wooden_pickaxe":3,"minecraft:brown_bed":2,"minecraft:gold_block":1,"minecraft:shield":1,"minecraft:amethyst_block":2,"minecraft:polished_deepslate":4,"minecraft:string":67,"minecraft:moss_carpet":1,"minecraft:raw_copper":442,"create:limestone":54,"minecraft:iron_leggings":1,"tacz:ammo":960,"minecraft:deepslate_tiles":1,"minecraft:cobbled_deepslate":1472,"comforts:sleeping_bag_white":3,"minecraft:spruce_planks":108,"minecraft:beef":29,"minecraft:calcite":33,"minecraft:chest":20,"minecraft:birch_sapling":1,"minecraft:iron_boots":1,"minecraft:phantom_membrane":1,"minecraft:egg":1,"minecraft:furnace":19,"philipsruins:cracked_bone":8,"minecraft:stick":18,"minecraft:raw_iron":143,"marbledsarsenal:police_baton":7,"minecraft:copper_ingot":64,"minecraft:torch":92,"psg:sulphur":113,"minecraft:porkchop":7,"pointblank:gunmetal_nugget":69,"minecraft:redstone":9,"minecraft:cauldron":1,"philipsruins:bone_bricks_stairs":3,"pointblank:m1911a1":7,"pointblank:ammo45acp":75,"minecraft:rotten_flesh":34,"minecraft:stone_shovel":1,"minecraft:peony":1,"k_turrets:raw_titanium":51,"minecraft:skeleton_skull":1,"minecraft:glow_berries":2,"philipsruins:bone_bricks_slab":1,"minecraft:mutton":17,"minecraft:cobblestone":3443,"minecraft:snowball":1069,"minecraft:white_wool":5,"minecraft:cracked_deepslate_tiles":1,"minecraft:birch_log":8,"minecraft:feather":1,"projectvibrantjourneys:fallen_leaves":18,"minecraft:brown_wool":3,"minecraft:leather":13,"minecraft:red_mushroom":1,"minecraft:potato":1,"projectvibrantjourneys:birch_hollow_log":2,"minecraft:flint":12,"minecraft:tuff":1769,"minecraft:oak_log":1,"minecraft:cobbled_deepslate_stairs":2,"minecraft:gunpowder":45,"minecraft:lapis_lazuli":92,"marbledsarsenal:cm6m_gas_mask":8,"minecraft:dirt":6,"philipsruins:chiseled_bone_bricks":1,"minecraft:leather_boots":7,"minecraft:cooked_mutton":53,"minecraft:bone":3,"alexsmobs:cockroach_wing_fragment":3,"minecraft:spore_blossom":1,"minecraft:wheat_seeds":19,"philipsruins:broken_bone":20,"minecraft:cobbled_deepslate_slab":3,"minecraft:stone_pickaxe":2,"minecraft:iron_ingot":15,"minecraft:bamboo":12,"tacz:gun_smith_table":3,"minecraft:moss_block":3,"projectvibrantjourneys:light_brown_bark_mushroom":1,"minecraft:pumpkin":2,"psg:raw_potassium":123,"minecraft:gravel":18,"minecraft:amethyst_shard":80,"minecraft:spruce_sapling":38,"minecraft:white_bed":1,"minecraft:spruce_log":63,"minecraft:diamond_block":1,"alexsmobs:animal_dictionary":4,"minecraft:spruce_door":2,"minecraft:spider_eye":4,"usefulbackpacks:backpack_large":1,"minecraft:mossy_cobblestone":17,"create:crimsite":65,"minecraft:diamond":31,"minecraft:stone_axe":3,"tacz:modern_kinetic_gun":2,"minecraft:gray_wool":1,"minecraft:bread":13,"alexsmobs:banana_slug_slime":1,"alexsmobs:maggot":4,"projectvibrantjourneys:orange_bark_mushroom":1,"minecraft:black_wool":2,"minecraft:coal":3054,"minecraft:diamond_pickaxe":9,"minecraft:ender_pearl":1},"minecraft:dropped":{"minecraft:bread":5,"minecraft:wheat_seeds":3,"marbledsarsenal:police_baton":2,"minecraft:cobblestone":93,"minecraft:coal":896,"minecraft:stick":1,"minecraft:mutton":4,"minecraft:wooden_axe":1,"minecraft:snowball":32,"tacz:modern_kinetic_gun":1,"minecraft:white_wool":1,"pointblank:m1911a1":2,"pointblank:ammo45acp":28,"marbledsarsenal:cm6m_gas_mask":1,"alexsmobs:animal_dictionary":2,"minecraft:raw_copper":116,"minecraft:raw_iron":15,"minecraft:diamond_pickaxe":4,"minecraft:leather_boots":1,"tacz:ammo":390,"minecraft:spruce_log":4,"minecraft:black_wool":1},"minecraft:custom":{"minecraft:mob_kills":54,"minecraft:interact_with_crafting_table":34,"minecraft:damage_dealt_resisted":182,"minecraft:leave_game":2,"minecraft:time_since_death":46598,"minecraft:climb_one_cm":8269,"minecraft:sprint_one_cm":557260,"minecraft:walk_one_cm":518578,"minecraft:damage_blocked_by_shield":50,"minecraft:drop":55,"minecraft:play_time":212773,"minecraft:deaths":9,"minecraft:sneak_time":20707,"minecraft:walk_under_water_one_cm":4736,"minecraft:jump":3903,"minecraft:walk_on_water_one_cm":8117,"minecraft:total_world_time":212773,"minecraft:interact_with_furnace":48,"minecraft:sleep_in_bed":8,"minecraft:time_since_rest":29270,"minecraft:damage_taken":4455,"minecraft:damage_dealt":5456,"minecraft:swim_one_cm":11384,"minecraft:fly_one_cm":638068,"minecraft:player_kills":3,"minecraft:open_chest":276,"minecraft:crouch_one_cm":73819,"minecraft:fall_one_cm":96506},"minecraft:mined":{"minecraft:deepslate_tiles":5,"minecraft:tuff":817,"minecraft:spruce_planks":1,"minecraft:white_bed":1,"minecraft:mossy_cobblestone":19,"minecraft:deepslate_diamond_ore":3,"minecraft:cobbled_deepslate_stairs":3,"minecraft:cave_vines_plant":1,"philipsruins:fractured_bone_bricks":4,"projectvibrantjourneys:rocks":6,"psg:sulphur_ore":9,"philipsruins:bone_chunk_block":6,"minecraft:cobbled_deepslate_slab":3,"philipsruins:cracked_bone":8,"minecraft:grass_block":2,"minecraft:deepslate_bricks":1,"minecraft:spruce_leaves":17,"minecraft:moss_block":5,"tacz:gun_smith_table":3,"minecraft:large_fern":6,"farmersdelight:wild_onions":3,"minecraft:spore_blossom":1,"minecraft:furnace":19,"minecraft:iron_ore":13,"minecraft:cobbled_deepslate":530,"minecraft:snow":36,"minecraft:diamond_block":1,"minecraft:pumpkin":2,"minecraft:deepslate_lapis_ore":3,"minecraft:gold_block":1,"minecraft:peony":1,"minecraft:brown_bed":2,"minecraft:polished_deepslate":4,"minecraft:vine":2,"philipsruins:bone_bricks_stairs":3,"minecraft:potatoes":2,"minecraft:cave_vines":5,"minecraft:deepslate_iron_ore":10,"projectvibrantjourneys:ice_chunks":1,"minecraft:bamboo":1,"minecraft:stone":640,"create:limestone":54,"minecraft:deepslate_redstone_ore":2,"minecraft:brown_mushroom":14,"minecraft:infested_stone_bricks":1,"minecraft:amethyst_cluster":3,"minecraft:snow_block":94,"psg:potassium_ore":12,"psg:deepslate_sulphur_ore":2,"minecraft:clay":15,"minecraft:crafting_table":7,"minecraft:torch":4,"projectvibrantjourneys:twigs":9,"minecraft:calcite":24,"minecraft:chest":11,"projectvibrantjourneys:mossy_rocks":1,"projectvibrantjourneys:natural_cobweb":10,"minecraft:tall_grass":19,"minecraft:copper_ore":23,"minecraft:cobblestone":1496,"minecraft:deepslate_coal_ore":9,"projectvibrantjourneys:fallen_leaves":1,"minecraft:cracked_deepslate_bricks":4,"minecraft:cauldron":1,"minecraft:wall_torch":6,"minecraft:big_dripleaf":1,"minecraft:amethyst_block":2,"minecraft:skeleton_skull":1,"minecraft:deepslate_copper_ore":1,"minecraft:pink_petals":1,"minecraft:coarse_dirt":12,"philipsruins:chiseled_bone_bricks":1,"minecraft:birch_log":8,"minecraft:wheat":8,"projectvibrantjourneys:bones":1,"minecraft:spruce_log":57,"minecraft:birch_leaves":3,"minecraft:cracked_deepslate_tiles":1,"k_turrets:titanium_ore":12,"minecraft:grass":22,"projectvibrantjourneys:birch_hollow_log":2,"minecraft:oak_log":1,"minecraft:coal_ore":23,"projectvibrantjourneys:short_grass":14,"projectvibrantjourneys:pinecones":1,"minecraft:gravel":43,"minecraft:dirt":2,"minecraft:cobweb":53,"minecraft:smooth_basalt":1,"minecraft:small_dripleaf":1,"philipsruins:bone_bricks_slab":1,"create:crimsite":69,"minecraft:deepslate":441,"minecraft:fern":2},"minecraft:killed_by":{"minecraft:player":2,"minecraft:zombie":3},"minecraft:used":{"minecraft:stone_shovel":131,"tacz:gun_smith_table":4,"minecraft:chest":28,"minecraft:shield":2,"minecraft:iron_sword":175,"minecraft:rotten_flesh":13,"minecraft:torch":109,"minecraft:dirt":2,"minecraft:mutton":5,"minecraft:tuff":31,"minecraft:snowball":49,"marbledsarsenal:police_baton":22,"minecraft:beef":4,"minecraft:furnace":35,"comforts:sleeping_bag_white":3,"minecraft:egg":1,"minecraft:potato":2,"minecraft:cobbled_deepslate":190,"minecraft:pumpkin":2,"minecraft:brown_bed":3,"minecraft:calcite":9,"minecraft:cooked_mutton":36,"farmersdelight:iron_knife":2,"minecraft:water_bucket":10,"minecraft:amethyst_block":2,"minecraft:spruce_door":8,"minecraft:stone_pickaxe":7,"minecraft:wooden_pickaxe":36,"minecraft:crafting_table":12,"minecraft:white_bed":1,"minecraft:spruce_log":3,"zombie_more:frozen_flesh":1,"minecraft:diamond_pickaxe":4352,"minecraft:apple":1,"minecraft:diamond_shovel":37,"minecraft:bread":15,"minecraft:stone_axe":109,"minecraft:diamond_sword":62,"minecraft:cobblestone":516,"minecraft:bucket":11,"minecraft:birch_log":1,"minecraft:coarse_dirt":3},"minecraft:killed":{"hordes:zombie_player":9,"alexsmobs:banana_slug":1,"minecraft:chicken":1,"minecraft:pig":3,"alexsmobs:seal":1,"minecraft:sheep":3,"alexsmobs:cockroach":2,"minecraft:zombie":16,"alexsmobs:fly":3,"alexsmobs:crow":2,"minecraft:cow":12},"minecraft:crafted":{"minecraft:oak_planks":56,"minecraft:stone_shovel":1,"comforts:sleeping_bag_white":1,"minecraft:cooked_chicken":3,"minecraft:furnace":19,"zombie_more:flesh":10,"minecraft:iron_boots":1,"minecraft:ladder":9,"minecraft:stone_pickaxe":1,"minecraft:chest":17,"zombie_more:frozen_flesh":22,"minecraft:cooked_porkchop":5,"minecraft:crafting_table":6,"minecraft:spruce_planks":191,"farmersdelight:iron_knife":1,"minecraft:wooden_pickaxe":1,"minecraft:iron_sword":1,"minecraft:spruce_door":9,"tacz:gun_smith_table":1,"minecraft:brown_bed":1,"minecraft:bucket":1,"minecraft:birch_planks":32,"minecraft:stone_axe":3,"minecraft:bread":1,"minecraft:air":0,"minecraft:iron_chestplate":1,"minecraft:shield":1,"minecraft:stick":64,"minecraft:iron_ingot":135,"minecraft:wooden_axe":1,"minecraft:iron_block":1,"minecraft:iron_leggings":1,"minecraft:torch":104}},"DataVersion":3465}