{"stats":{"minecraft:used":{"minecraft:flint_and_steel":2,"minecraft:tnt":14,"minecraft:bread":1,"marbledsarsenal:police_baton":1},"minecraft:dropped":{"tacz:modern_kinetic_gun":1,"pointblank:gunmetal_nugget":8},"minecraft:custom":{"minecraft:time_since_rest":12842,"minecraft:crouch_one_cm":6,"minecraft:sprint_one_cm":16313,"minecraft:play_time":12842,"minecraft:damage_taken":115,"minecraft:walk_one_cm":12426,"minecraft:sneak_time":18,"minecraft:mob_kills":11,"minecraft:drop":3,"minecraft:damage_dealt_resisted":156,"minecraft:jump":104,"minecraft:leave_game":1,"minecraft:time_since_death":12842,"minecraft:total_world_time":12842,"minecraft:fall_one_cm":3100,"minecraft:fly_one_cm":74887},"minecraft:mined":{"minecraft:grass_block":1},"minecraft:killed":{"minecraft:sheep":1,"minecraft:zombie":9,"alexsmobs:gazelle":1},"minecraft:picked_up":{"minecraft:rotten_flesh":1,"tacz:modern_kinetic_gun":1,"pointblank:gunmetal_nugget":12,"minecraft:mutton":3,"minecraft:dirt":1}},"DataVersion":3465}