{"stats":{"minecraft:picked_up":{"philipsruins:bone_chunk_block":14,"minecraft:iron_chestplate":3,"minecraft:crafting_table":2,"minecraft:coarse_dirt":25,"minecraft:chicken":6,"minecraft:ladder":124,"minecraft:clay_ball":668,"minecraft:wooden_pickaxe":1,"minecraft:gold_block":2,"minecraft:brewing_stand":2,"minecraft:shield":2,"minecraft:polished_deepslate":1,"minecraft:iron_axe":3,"minecraft:string":28,"minecraft:raw_copper":928,"create:limestone":96,"minecraft:large_fern":3,"minecraft:iron_leggings":2,"tacz:ammo":720,"minecraft:iron_shovel":2,"minecraft:blackstone":4,"minecraft:cobbled_deepslate":1436,"minecraft:bucket":2,"minecraft:spruce_planks":4,"minecraft:beef":4,"minecraft:calcite":13,"minecraft:chest":11,"minecraft:birch_sapling":1,"farmersdelight:cabbage_seeds":3,"minecraft:furnace":7,"minecraft:blue_wool":2,"minecraft:stick":33,"minecraft:raw_iron":417,"philipsruins:cracked_bone":5,"marbledsarsenal:police_baton":5,"minecraft:copper_ingot":243,"projectvibrantjourneys:bark_mushroom":2,"minecraft:torch":328,"pointblank:gunmetal_nugget":128,"psg:sulphur":178,"minecraft:redstone":406,"philipsruins:bone_bricks_stairs":4,"minecraft:cauldron":1,"pointblank:m1911a1":5,"pointblank:ammo45acp":191,"minecraft:rotten_flesh":124,"minecraft:deepslate_bricks":2,"k_turrets:raw_titanium":120,"minecraft:gold_ingot":2,"minecraft:mutton":16,"minecraft:bone_block":3,"minecraft:white_wool":16,"minecraft:cobblestone":4483,"minecraft:cracked_deepslate_tiles":2,"minecraft:feather":4,"farmersdelight:rice":4,"philipsruins:bone_chunk":1,"minecraft:water_bucket":2,"minecraft:andesite":11,"projectvibrantjourneys:fallen_leaves":2,"minecraft:brown_wool":3,"minecraft:leather":2,"minecraft:potato":1,"alexsmobs:bear_fur":8,"minecraft:flint":30,"minecraft:tuff":47,"create:raw_zinc":221,"minecraft:oak_log":32,"minecraft:cobbled_deepslate_stairs":1,"minecraft:gunpowder":18,"minecraft:lapis_lazuli":815,"marbledsarsenal:cm6m_gas_mask":5,"minecraft:dirt":58,"minecraft:blue_bed":4,"philipsruins:chiseled_bone_bricks":1,"minecraft:leather_boots":5,"minecraft:cooked_mutton":72,"minecraft:bone":14,"minecraft:wheat_seeds":12,"alexsmobs:cockroach_wing_fragment":1,"minecraft:raw_gold":146,"minecraft:iron_ingot":55,"minecraft:moss_block":8,"projectvibrantjourneys:light_brown_bark_mushroom":2,"minecraft:chiseled_stone_bricks":8,"psg:raw_potassium":123,"minecraft:gravel":169,"minecraft:spruce_sapling":41,"minecraft:white_bed":1,"minecraft:spruce_log":146,"alexsmobs:animal_dictionary":5,"minecraft:spruce_door":2,"minecraft:spider_eye":12,"usefulbackpacks:backpack_large":2,"philipsruins:bone_bricks_wall":4,"create:crimsite":108,"minecraft:purple_bed":2,"minecraft:diamond":47,"minecraft:stone_axe":1,"tacz:modern_kinetic_gun":4,"minecraft:gray_wool":5,"minecraft:spruce_sign":1,"minecraft:emerald":1,"minecraft:bread":15,"minecraft:oak_sapling":1,"minecraft:black_wool":5,"minecraft:coal":3761,"minecraft:diamond_pickaxe":3,"minecraft:ender_pearl":2},"minecraft:dropped":{"create:crimsite":1,"minecraft:torch":51,"minecraft:brown_wool":3,"minecraft:iron_axe":1,"pointblank:ammo45acp":3,"usefulbackpacks:backpack_large":1,"minecraft:blue_wool":4,"minecraft:cooked_mutton":43,"minecraft:gunpowder":38,"minecraft:spruce_planks":1,"minecraft:diamond_pickaxe":2},"minecraft:custom":{"minecraft:mob_kills":85,"minecraft:interact_with_crafting_table":26,"minecraft:damage_dealt_resisted":242,"minecraft:leave_game":1,"minecraft:time_since_death":58111,"minecraft:climb_one_cm":30056,"minecraft:sprint_one_cm":774432,"minecraft:walk_one_cm":548480,"minecraft:drop":33,"minecraft:play_time":232633,"minecraft:deaths":6,"minecraft:sneak_time":5360,"minecraft:walk_under_water_one_cm":1228,"minecraft:jump":3826,"minecraft:interact_with_brewingstand":1,"minecraft:walk_on_water_one_cm":5445,"minecraft:total_world_time":232633,"minecraft:interact_with_furnace":50,"minecraft:sleep_in_bed":11,"minecraft:time_since_rest":7763,"minecraft:damage_taken":2932,"minecraft:damage_dealt":2414,"minecraft:player_kills":2,"minecraft:swim_one_cm":495,"minecraft:fly_one_cm":724344,"minecraft:open_chest":313,"minecraft:crouch_one_cm":16398,"minecraft:fall_one_cm":68322},"minecraft:mined":{"create:zinc_ore":24,"minecraft:tuff":35,"minecraft:white_bed":1,"minecraft:deepslate_diamond_ore":11,"minecraft:brewing_stand":2,"projectvibrantjourneys:rocks":3,"psg:sulphur_ore":3,"minecraft:glow_lichen":1,"minecraft:cave_vines_plant":2,"minecraft:ladder":2,"minecraft:budding_amethyst":1,"philipsruins:cracked_bone":2,"minecraft:grass_block":1,"minecraft:deepslate_bricks":1,"minecraft:spruce_leaves":13,"minecraft:moss_block":5,"minecraft:redstone_ore":14,"minecraft:furnace":7,"minecraft:iron_ore":39,"minecraft:cobbled_deepslate":4,"minecraft:andesite":11,"minecraft:deepslate_lapis_ore":6,"minecraft:gold_block":2,"minecraft:polished_deepslate":1,"minecraft:vine":3,"minecraft:cave_vines":3,"minecraft:deepslate_iron_ore":13,"minecraft:stone":2234,"minecraft:bone_block":3,"minecraft:white_wool":2,"create:limestone":21,"minecraft:deepslate_redstone_ore":13,"minecraft:blackstone":2,"minecraft:medium_amethyst_bud":1,"minecraft:spruce_door":1,"psg:deepslate_sulphur_ore":2,"minecraft:clay":83,"minecraft:crafting_table":2,"minecraft:torch":14,"minecraft:calcite":5,"minecraft:chest":11,"projectvibrantjourneys:natural_cobweb":4,"minecraft:tall_grass":3,"minecraft:copper_ore":29,"minecraft:cobblestone":186,"minecraft:deepslate_coal_ore":3,"minecraft:lapis_ore":7,"minecraft:deepslate_gold_ore":23,"minecraft:sculk":10,"minecraft:wall_torch":8,"minecraft:blue_bed":2,"minecraft:cauldron":1,"minecraft:purple_bed":1,"minecraft:coarse_dirt":10,"philipsruins:chiseled_bone_bricks":1,"minecraft:spruce_log":96,"minecraft:birch_leaves":1,"minecraft:cracked_deepslate_tiles":2,"k_turrets:titanium_ore":7,"minecraft:grass":8,"minecraft:oak_log":32,"minecraft:coal_ore":150,"projectvibrantjourneys:short_grass":2,"minecraft:gravel":78,"minecraft:dirt":27,"minecraft:cobweb":11,"create:crimsite":21,"minecraft:oak_leaves":1,"minecraft:deepslate":1094},"minecraft:killed_by":{"minecraft:player":3,"hordes:zombie_player":1,"alexsmobs:grizzly_bear":1},"minecraft:used":{"minecraft:iron_shovel":131,"minecraft:polished_deepslate":1,"minecraft:ladder":68,"minecraft:chest":13,"minecraft:torch":121,"minecraft:brewing_stand":2,"minecraft:cracked_deepslate_tiles":1,"minecraft:tuff":7,"minecraft:milk_bucket":1,"minecraft:iron_axe":229,"marbledsarsenal:police_baton":58,"philipsruins:cracked_bone":2,"minecraft:furnace":7,"minecraft:cobbled_deepslate":70,"minecraft:calcite":2,"minecraft:cooked_mutton":39,"minecraft:water_bucket":1,"minecraft:cauldron":1,"minecraft:white_wool":3,"minecraft:crafting_table":3,"minecraft:white_bed":2,"minecraft:spruce_log":30,"minecraft:diamond_pickaxe":4034,"minecraft:command_block":3,"minecraft:bread":5,"minecraft:stone_axe":15,"minecraft:cobblestone":738,"minecraft:bucket":3,"minecraft:andesite":11,"minecraft:coarse_dirt":5},"minecraft:killed":{"hordes:zombie_player":6,"minecraft:chicken":2,"alexsmobs:grizzly_bear":3,"minecraft:zombie_villager":5,"minecraft:sheep":9,"alexsmobs:cockroach":2,"minecraft:zombie":55,"alexsmobs:fly":1,"minecraft:cow":1},"minecraft:crafted":{"usefulbackpacks:backpack_small":2,"minecraft:bone_meal":27,"minecraft:cooked_mutton":4,"minecraft:iron_axe":1,"minecraft:ladder":171,"justhammers:diamond_hammer":1,"minecraft:diamond_boots":1,"minecraft:chest":9,"usefulbackpacks:backpack_medium":2,"minecraft:cooked_beef":17,"minecraft:diamond_axe":1,"minecraft:crafting_table":1,"minecraft:spruce_planks":280,"minecraft:copper_ingot":166,"minecraft:bucket":2,"minecraft:stone_axe":1,"minecraft:air":0,"minecraft:iron_chestplate":1,"minecraft:shield":1,"minecraft:stick":448,"usefulbackpacks:backpack_large":2,"minecraft:iron_ingot":78,"minecraft:iron_shovel":1,"minecraft:iron_leggings":1,"minecraft:white_bed":1,"minecraft:torch":204}},"DataVersion":3465}