{"stats":{"minecraft:picked_up":{"minecraft:iron_chestplate":1,"minecraft:crafting_table":2,"minecraft:coarse_dirt":25,"minecraft:chicken":6,"minecraft:ladder":1,"minecraft:clay_ball":644,"minecraft:wooden_pickaxe":1,"minecraft:shield":1,"minecraft:iron_axe":2,"minecraft:string":12,"minecraft:raw_copper":848,"create:limestone":96,"minecraft:large_fern":3,"minecraft:iron_leggings":1,"minecraft:iron_shovel":1,"minecraft:blackstone":2,"minecraft:cobbled_deepslate":678,"minecraft:bucket":2,"minecraft:spruce_planks":4,"minecraft:beef":4,"minecraft:calcite":11,"minecraft:chest":8,"minecraft:birch_sapling":1,"farmersdelight:cabbage_seeds":3,"minecraft:furnace":7,"minecraft:blue_wool":2,"minecraft:stick":33,"minecraft:raw_iron":333,"marbledsarsenal:police_baton":4,"minecraft:copper_ingot":243,"projectvibrantjourneys:bark_mushroom":2,"minecraft:torch":210,"pointblank:gunmetal_nugget":115,"psg:sulphur":167,"minecraft:redstone":300,"pointblank:m1911a1":4,"pointblank:ammo45acp":121,"minecraft:rotten_flesh":110,"k_turrets:raw_titanium":120,"minecraft:mutton":16,"minecraft:white_wool":7,"minecraft:cobblestone":3883,"minecraft:feather":4,"farmersdelight:rice":4,"minecraft:water_bucket":1,"minecraft:andesite":11,"projectvibrantjourneys:fallen_leaves":2,"minecraft:brown_wool":3,"minecraft:leather":2,"minecraft:potato":1,"alexsmobs:bear_fur":8,"minecraft:flint":17,"minecraft:tuff":11,"create:raw_zinc":166,"minecraft:oak_log":32,"minecraft:gunpowder":15,"minecraft:lapis_lazuli":593,"marbledsarsenal:cm6m_gas_mask":4,"minecraft:dirt":58,"minecraft:blue_bed":4,"minecraft:leather_boots":4,"minecraft:cooked_mutton":54,"minecraft:bone":5,"minecraft:wheat_seeds":12,"minecraft:raw_gold":64,"minecraft:iron_ingot":54,"minecraft:moss_block":4,"projectvibrantjourneys:light_brown_bark_mushroom":2,"psg:raw_potassium":123,"minecraft:gravel":54,"minecraft:spruce_sapling":41,"minecraft:white_bed":1,"minecraft:spruce_log":146,"alexsmobs:animal_dictionary":5,"minecraft:spruce_door":2,"minecraft:spider_eye":11,"usefulbackpacks:backpack_large":1,"create:crimsite":108,"minecraft:purple_bed":2,"minecraft:stone_axe":1,"minecraft:gray_wool":4,"minecraft:spruce_sign":1,"minecraft:emerald":1,"minecraft:bread":15,"minecraft:oak_sapling":1,"minecraft:black_wool":4,"minecraft:coal":3754,"minecraft:diamond_pickaxe":2,"minecraft:ender_pearl":2},"minecraft:dropped":{"create:crimsite":1,"minecraft:torch":51,"minecraft:brown_wool":3,"minecraft:iron_axe":1,"pointblank:ammo45acp":3,"usefulbackpacks:backpack_large":1,"minecraft:blue_wool":4,"minecraft:cooked_mutton":23,"minecraft:gunpowder":1,"minecraft:spruce_planks":1,"minecraft:diamond_pickaxe":2},"minecraft:custom":{"minecraft:mob_kills":66,"minecraft:interact_with_crafting_table":22,"minecraft:damage_dealt_resisted":242,"minecraft:leave_game":1,"minecraft:time_since_death":17097,"minecraft:climb_one_cm":14196,"minecraft:sprint_one_cm":580395,"minecraft:walk_one_cm":389565,"minecraft:drop":31,"minecraft:play_time":154633,"minecraft:deaths":5,"minecraft:sneak_time":2243,"minecraft:walk_under_water_one_cm":1228,"minecraft:jump":3042,"minecraft:walk_on_water_one_cm":4988,"minecraft:total_world_time":154633,"minecraft:interact_with_furnace":29,"minecraft:sleep_in_bed":9,"minecraft:time_since_rest":4461,"minecraft:damage_taken":2088,"minecraft:damage_dealt":2294,"minecraft:player_kills":1,"minecraft:swim_one_cm":495,"minecraft:fly_one_cm":600677,"minecraft:open_chest":209,"minecraft:crouch_one_cm":8181,"minecraft:fall_one_cm":53962},"minecraft:mined":{"create:zinc_ore":14,"minecraft:tuff":7,"minecraft:white_bed":1,"projectvibrantjourneys:rocks":3,"psg:sulphur_ore":3,"minecraft:glow_lichen":1,"minecraft:cave_vines_plant":2,"minecraft:ladder":1,"minecraft:grass_block":1,"minecraft:spruce_leaves":13,"minecraft:moss_block":2,"minecraft:redstone_ore":14,"minecraft:furnace":7,"minecraft:iron_ore":30,"minecraft:cobbled_deepslate":4,"minecraft:andesite":11,"minecraft:cave_vines":2,"minecraft:deepslate_iron_ore":9,"minecraft:stone":2003,"create:limestone":21,"minecraft:deepslate_redstone_ore":2,"minecraft:blackstone":2,"minecraft:spruce_door":1,"psg:deepslate_sulphur_ore":1,"minecraft:clay":77,"minecraft:crafting_table":2,"minecraft:torch":12,"minecraft:calcite":3,"minecraft:chest":8,"projectvibrantjourneys:natural_cobweb":4,"minecraft:tall_grass":3,"minecraft:copper_ore":24,"minecraft:cobblestone":114,"minecraft:deepslate_coal_ore":3,"minecraft:lapis_ore":7,"minecraft:deepslate_gold_ore":8,"minecraft:wall_torch":8,"minecraft:blue_bed":2,"minecraft:purple_bed":1,"minecraft:coarse_dirt":10,"minecraft:spruce_log":96,"minecraft:birch_leaves":1,"k_turrets:titanium_ore":7,"minecraft:grass":8,"minecraft:oak_log":32,"minecraft:coal_ore":150,"projectvibrantjourneys:short_grass":2,"minecraft:gravel":15,"minecraft:dirt":27,"create:crimsite":21,"minecraft:oak_leaves":1,"minecraft:deepslate":336},"minecraft:killed_by":{"minecraft:player":2,"hordes:zombie_player":1,"alexsmobs:grizzly_bear":1},"minecraft:used":{"minecraft:iron_shovel":71,"minecraft:ladder":48,"minecraft:chest":9,"minecraft:torch":68,"minecraft:tuff":6,"minecraft:milk_bucket":1,"minecraft:iron_axe":184,"marbledsarsenal:police_baton":42,"minecraft:furnace":7,"minecraft:cobbled_deepslate":67,"minecraft:calcite":1,"minecraft:cooked_mutton":27,"minecraft:water_bucket":1,"minecraft:crafting_table":3,"minecraft:white_bed":2,"minecraft:spruce_log":30,"minecraft:diamond_pickaxe":2850,"minecraft:command_block":3,"minecraft:bread":5,"minecraft:stone_axe":15,"minecraft:cobblestone":441,"minecraft:bucket":3,"minecraft:andesite":11,"minecraft:coarse_dirt":5},"minecraft:killed":{"hordes:zombie_player":5,"minecraft:chicken":2,"alexsmobs:grizzly_bear":3,"minecraft:zombie_villager":3,"minecraft:sheep":9,"minecraft:zombie":42,"minecraft:cow":1},"minecraft:crafted":{"usefulbackpacks:backpack_small":2,"minecraft:cooked_mutton":4,"minecraft:iron_axe":1,"minecraft:ladder":171,"minecraft:chest":4,"usefulbackpacks:backpack_medium":2,"minecraft:crafting_table":1,"minecraft:spruce_planks":280,"minecraft:copper_ingot":115,"minecraft:bucket":2,"minecraft:stone_axe":1,"minecraft:air":0,"minecraft:iron_chestplate":1,"minecraft:shield":1,"minecraft:stick":448,"usefulbackpacks:backpack_large":2,"minecraft:iron_ingot":29,"minecraft:iron_shovel":1,"minecraft:iron_leggings":1,"minecraft:white_bed":1,"minecraft:torch":204}},"DataVersion":3465}